{"cameraMode":{"drawMode":0,"name":"Shaded","section":"Shading Mode"},"sceneLighting":true,"audioPlay":false,"sceneViewState":{"m_AlwaysRefresh":false,"showFog":true,"showSkybox":true,"showFlares":true,"showImageEffects":true,"showParticleSystems":true,"showVisualEffectGraphs":true,"m_FxEnabled":false},"in2DMode":false,"pivot":{"x":3.265631914138794,"y":0.9188371896743774,"z":-0.8251237273216248},"rotation":{"x":-0.007119952235370874,"y":-0.9842873215675354,"z":0.17180773615837098,"w":-0.04076545685529709},"size":3.4778380393981935,"orthographic":false}