{"cameraMode":{"drawMode":0,"name":"Shaded","section":"Shading Mode"},"sceneLighting":false,"audioPlay":false,"sceneViewState":{"m_AlwaysRefresh":false,"showFog":true,"showSkybox":false,"showFlares":true,"showImageEffects":true,"showParticleSystems":true,"showVisualEffectGraphs":true,"m_FxEnabled":false},"in2DMode":false,"pivot":{"x":-0.008999943733215332,"y":1.0109999179840088,"z":0.03400003910064697},"rotation":{"x":-0.05423290655016899,"y":-0.9454950094223023,"z":0.23921699821949006,"w":-0.21430246531963349},"size":2.7010977268218996,"orthographic":false}