{"cameraMode":{"drawMode":0,"name":"Shaded","section":"Shading Mode"},"sceneLighting":true,"audioPlay":false,"sceneViewState":{"m_AlwaysRefresh":false,"showFog":true,"showSkybox":true,"showFlares":true,"showImageEffects":true,"showParticleSystems":true,"showVisualEffectGraphs":true,"m_FxEnabled":true},"in2DMode":false,"pivot":{"x":6.1611104011535648,"y":3.091902256011963,"z":-1.3133506774902344},"rotation":{"x":-0.00030881271231919527,"y":-0.9896616339683533,"z":0.14350390434265138,"w":-0.002069072797894478},"size":6.249871730804443,"orthographic":false}