{"cameraMode":{"drawMode":0,"name":"Shaded","section":"Shading Mode"},"sceneLighting":false,"audioPlay":false,"sceneViewState":{"m_AlwaysRefresh":false,"showFog":true,"showSkybox":false,"showFlares":true,"showImageEffects":true,"showParticleSystems":true,"showVisualEffectGraphs":true,"m_FxEnabled":true},"in2DMode":false,"pivot":{"x":2.8499999046325685,"y":0.5899999737739563,"z":-0.3100000023841858},"rotation":{"x":0.0029182047583162786,"y":-0.9941191077232361,"z":0.10476728528738022,"w":0.02775181457400322},"size":0.8660253882408142,"orthographic":false}